customer_index,top_k,changed_features,shap_stability,lime_stability,agreement_original,agreement_perturbed,agreement_change
0,3,PAY_AMT2|LIMIT_BAL|PAY_AMT3,1.0,1.0,0.2,0.2,0.0
0,5,PAY_AMT2|LIMIT_BAL|PAY_AMT3,1.0,0.6666666666666666,0.6666666666666666,0.6666666666666666,0.0
0,10,PAY_AMT2|LIMIT_BAL|PAY_AMT3,0.8181818181818182,0.8181818181818182,0.5384615384615384,0.6666666666666666,0.1282051282051282
1,3,BILL_AMT2|BILL_AMT1|BILL_AMT6,1.0,0.5,0.2,0.2,0.0
1,5,BILL_AMT2|BILL_AMT1|BILL_AMT6,0.6666666666666666,0.6666666666666666,0.25,0.1111111111111111,-0.1388888888888889
1,10,BILL_AMT2|BILL_AMT1|BILL_AMT6,0.8181818181818182,0.6666666666666666,0.3333333333333333,0.25,-0.08333333333333331
2,3,BILL_AMT5|PAY_AMT4|BILL_AMT1,1.0,1.0,0.5,0.5,0.0
2,5,BILL_AMT5|PAY_AMT4|BILL_AMT1,1.0,1.0,0.42857142857142855,0.42857142857142855,0.0
2,10,BILL_AMT5|PAY_AMT4|BILL_AMT1,0.6666666666666666,0.6666666666666666,0.42857142857142855,0.42857142857142855,0.0
3,3,PAY_AMT2|PAY_AMT1|BILL_AMT5,0.5,0.5,0.0,0.2,0.2
3,5,PAY_AMT2|PAY_AMT1|BILL_AMT5,0.6666666666666666,1.0,0.42857142857142855,0.25,-0.17857142857142855
3,10,PAY_AMT2|PAY_AMT1|BILL_AMT5,1.0,0.6666666666666666,0.42857142857142855,0.42857142857142855,0.0
4,3,PAY_AMT5|BILL_AMT6|BILL_AMT1,1.0,1.0,0.5,0.5,0.0
4,5,PAY_AMT5|BILL_AMT6|BILL_AMT1,1.0,1.0,0.42857142857142855,0.42857142857142855,0.0
4,10,PAY_AMT5|BILL_AMT6|BILL_AMT1,1.0,0.8181818181818182,0.42857142857142855,0.5384615384615384,0.10989010989010989
5,3,PAY_AMT6|BILL_AMT1|PAY_AMT3,1.0,1.0,0.2,0.2,0.0
5,5,PAY_AMT6|BILL_AMT1|PAY_AMT3,1.0,0.6666666666666666,0.25,0.1111111111111111,-0.1388888888888889
5,10,PAY_AMT6|BILL_AMT1|PAY_AMT3,1.0,0.5384615384615384,0.3333333333333333,0.42857142857142855,0.09523809523809523
6,3,PAY_AMT3|PAY_AMT6|PAY_AMT1,1.0,1.0,0.5,0.5,0.0
6,5,PAY_AMT3|PAY_AMT6|PAY_AMT1,0.6666666666666666,0.42857142857142855,0.25,0.42857142857142855,0.17857142857142855
6,10,PAY_AMT3|PAY_AMT6|PAY_AMT1,0.8181818181818182,0.6666666666666666,0.42857142857142855,0.42857142857142855,0.0
7,3,BILL_AMT6|BILL_AMT1|PAY_AMT3,0.5,1.0,0.2,0.5,0.3
7,5,BILL_AMT6|BILL_AMT1|PAY_AMT3,1.0,1.0,0.42857142857142855,0.42857142857142855,0.0
7,10,BILL_AMT6|BILL_AMT1|PAY_AMT3,1.0,0.6666666666666666,0.5384615384615384,0.42857142857142855,-0.10989010989010989
8,3,PAY_AMT5|BILL_AMT4|BILL_AMT3,1.0,1.0,0.2,0.2,0.0
8,5,PAY_AMT5|BILL_AMT4|BILL_AMT3,1.0,0.6666666666666666,0.6666666666666666,1.0,0.33333333333333337
8,10,PAY_AMT5|BILL_AMT4|BILL_AMT3,1.0,0.8181818181818182,0.5384615384615384,0.5384615384615384,0.0
9,3,PAY_AMT2|BILL_AMT5|BILL_AMT1,1.0,0.5,0.2,0.2,0.0
9,5,PAY_AMT2|BILL_AMT5|BILL_AMT1,1.0,0.6666666666666666,0.25,0.42857142857142855,0.17857142857142855
9,10,PAY_AMT2|BILL_AMT5|BILL_AMT1,1.0,0.5384615384615384,0.5384615384615384,0.5384615384615384,0.0
10,3,PAY_AMT4|BILL_AMT5|BILL_AMT2,1.0,0.5,0.5,1.0,0.5
10,5,PAY_AMT4|BILL_AMT5|BILL_AMT2,1.0,0.6666666666666666,0.42857142857142855,0.42857142857142855,0.0
10,10,PAY_AMT4|BILL_AMT5|BILL_AMT2,0.8181818181818182,0.6666666666666666,0.5384615384615384,0.6666666666666666,0.1282051282051282
11,3,PAY_AMT2|PAY_AMT3|BILL_AMT5,1.0,0.5,0.2,0.5,0.3
11,5,PAY_AMT2|PAY_AMT3|BILL_AMT5,1.0,1.0,0.42857142857142855,0.42857142857142855,0.0
11,10,PAY_AMT2|PAY_AMT3|BILL_AMT5,1.0,0.6666666666666666,0.5384615384615384,0.3333333333333333,-0.20512820512820512
12,3,PAY_AMT6|PAY_AMT2|BILL_AMT2,1.0,1.0,0.2,0.2,0.0
12,5,PAY_AMT6|PAY_AMT2|BILL_AMT2,1.0,0.6666666666666666,0.6666666666666666,0.42857142857142855,-0.23809523809523808
12,10,PAY_AMT6|PAY_AMT2|BILL_AMT2,1.0,0.8181818181818182,0.42857142857142855,0.42857142857142855,0.0
13,3,PAY_AMT4|PAY_AMT2|PAY_AMT3,1.0,1.0,0.2,0.2,0.0
13,5,PAY_AMT4|PAY_AMT2|PAY_AMT3,1.0,0.6666666666666666,0.42857142857142855,0.6666666666666666,0.23809523809523808
13,10,PAY_AMT4|PAY_AMT2|PAY_AMT3,0.8181818181818182,0.8181818181818182,0.5384615384615384,0.42857142857142855,-0.10989010989010989
14,3,PAY_AMT6|BILL_AMT6|BILL_AMT5,1.0,1.0,0.5,0.5,0.0
14,5,PAY_AMT6|BILL_AMT6|BILL_AMT5,1.0,0.6666666666666666,0.42857142857142855,0.42857142857142855,0.0
14,10,PAY_AMT6|BILL_AMT6|BILL_AMT5,1.0,0.5384615384615384,0.42857142857142855,0.3333333333333333,-0.09523809523809523
15,3,BILL_AMT4|PAY_AMT6|PAY_AMT2,1.0,1.0,0.5,0.5,0.0
15,5,BILL_AMT4|PAY_AMT6|PAY_AMT2,1.0,1.0,0.42857142857142855,0.42857142857142855,0.0
15,10,BILL_AMT4|PAY_AMT6|PAY_AMT2,0.8181818181818182,0.6666666666666666,0.5384615384615384,0.42857142857142855,-0.10989010989010989
16,3,PAY_AMT6|BILL_AMT6|PAY_AMT1,0.5,1.0,0.5,0.5,0.0
16,5,PAY_AMT6|BILL_AMT6|PAY_AMT1,1.0,1.0,0.6666666666666666,0.6666666666666666,0.0
16,10,PAY_AMT6|BILL_AMT6|PAY_AMT1,1.0,0.6666666666666666,0.5384615384615384,0.42857142857142855,-0.10989010989010989
17,3,BILL_AMT6|BILL_AMT4|LIMIT_BAL,1.0,1.0,0.2,0.2,0.0
17,5,BILL_AMT6|BILL_AMT4|LIMIT_BAL,1.0,0.6666666666666666,0.42857142857142855,0.42857142857142855,0.0
17,10,BILL_AMT6|BILL_AMT4|LIMIT_BAL,1.0,0.8181818181818182,0.5384615384615384,0.42857142857142855,-0.10989010989010989
18,3,LIMIT_BAL|PAY_AMT5|PAY_AMT4,1.0,1.0,0.2,0.2,0.0
18,5,LIMIT_BAL|PAY_AMT5|PAY_AMT4,1.0,1.0,0.6666666666666666,0.6666666666666666,0.0
18,10,LIMIT_BAL|PAY_AMT5|PAY_AMT4,1.0,0.8181818181818182,0.3333333333333333,0.42857142857142855,0.09523809523809523
19,3,BILL_AMT5|PAY_AMT4|BILL_AMT3,1.0,1.0,0.2,0.2,0.0
19,5,BILL_AMT5|PAY_AMT4|BILL_AMT3,1.0,1.0,0.25,0.25,0.0
19,10,BILL_AMT5|PAY_AMT4|BILL_AMT3,1.0,1.0,0.3333333333333333,0.3333333333333333,0.0
20,3,BILL_AMT5|PAY_AMT4|PAY_AMT1,1.0,1.0,0.5,0.5,0.0
20,5,BILL_AMT5|PAY_AMT4|PAY_AMT1,1.0,1.0,0.42857142857142855,0.42857142857142855,0.0
20,10,BILL_AMT5|PAY_AMT4|PAY_AMT1,0.8181818181818182,0.6666666666666666,0.25,0.42857142857142855,0.17857142857142855
21,3,BILL_AMT1|LIMIT_BAL|BILL_AMT3,1.0,1.0,0.2,0.2,0.0
21,5,BILL_AMT1|LIMIT_BAL|BILL_AMT3,0.6666666666666666,1.0,0.42857142857142855,0.6666666666666666,0.23809523809523808
21,10,BILL_AMT1|LIMIT_BAL|BILL_AMT3,0.6666666666666666,0.8181818181818182,0.42857142857142855,0.5384615384615384,0.10989010989010989
22,3,PAY_AMT1|PAY_AMT5|BILL_AMT1,1.0,1.0,0.2,0.2,0.0
22,5,PAY_AMT1|PAY_AMT5|BILL_AMT1,1.0,0.6666666666666666,0.42857142857142855,0.42857142857142855,0.0
22,10,PAY_AMT1|PAY_AMT5|BILL_AMT1,1.0,0.6666666666666666,0.42857142857142855,0.3333333333333333,-0.09523809523809523
23,3,BILL_AMT2|BILL_AMT5|PAY_AMT5,1.0,1.0,0.5,0.5,0.0
23,5,BILL_AMT2|BILL_AMT5|PAY_AMT5,1.0,1.0,0.6666666666666666,0.6666666666666666,0.0
23,10,BILL_AMT2|BILL_AMT5|PAY_AMT5,1.0,0.8181818181818182,0.42857142857142855,0.5384615384615384,0.10989010989010989
24,3,BILL_AMT4|PAY_AMT6|BILL_AMT6,1.0,0.5,0.2,0.5,0.3
24,5,BILL_AMT4|PAY_AMT6|BILL_AMT6,1.0,0.6666666666666666,0.1111111111111111,0.25,0.1388888888888889
24,10,BILL_AMT4|PAY_AMT6|BILL_AMT6,1.0,0.8181818181818182,0.3333333333333333,0.3333333333333333,0.0
25,3,PAY_AMT4|BILL_AMT4|BILL_AMT6,1.0,1.0,0.2,0.2,0.0
25,5,PAY_AMT4|BILL_AMT4|BILL_AMT6,1.0,1.0,0.42857142857142855,0.42857142857142855,0.0
25,10,PAY_AMT4|BILL_AMT4|BILL_AMT6,1.0,0.6666666666666666,0.5384615384615384,0.5384615384615384,0.0
26,3,BILL_AMT2|PAY_AMT3|BILL_AMT3,1.0,1.0,0.5,0.5,0.0
26,5,BILL_AMT2|PAY_AMT3|BILL_AMT3,1.0,1.0,0.42857142857142855,0.42857142857142855,0.0
26,10,BILL_AMT2|PAY_AMT3|BILL_AMT3,1.0,0.5384615384615384,0.6666666666666666,0.5384615384615384,-0.1282051282051282
27,3,BILL_AMT1|LIMIT_BAL|BILL_AMT5,0.5,0.5,0.2,0.5,0.3
27,5,BILL_AMT1|LIMIT_BAL|BILL_AMT5,1.0,0.6666666666666666,0.42857142857142855,0.42857142857142855,0.0
27,10,BILL_AMT1|LIMIT_BAL|BILL_AMT5,1.0,0.5384615384615384,0.42857142857142855,0.3333333333333333,-0.09523809523809523
28,3,PAY_AMT1|PAY_AMT4|BILL_AMT3,1.0,1.0,0.2,0.2,0.0
28,5,PAY_AMT1|PAY_AMT4|BILL_AMT3,1.0,1.0,0.42857142857142855,0.42857142857142855,0.0
28,10,PAY_AMT1|PAY_AMT4|BILL_AMT3,1.0,1.0,0.5384615384615384,0.5384615384615384,0.0
29,3,LIMIT_BAL|PAY_AMT3|BILL_AMT6,1.0,0.5,0.5,0.2,-0.3
29,5,LIMIT_BAL|PAY_AMT3|BILL_AMT6,1.0,1.0,0.42857142857142855,0.42857142857142855,0.0
29,10,LIMIT_BAL|PAY_AMT3|BILL_AMT6,1.0,0.8181818181818182,0.6666666666666666,0.5384615384615384,-0.1282051282051282
30,3,BILL_AMT1|PAY_AMT6|PAY_AMT1,1.0,0.5,0.5,0.2,-0.3
30,5,BILL_AMT1|PAY_AMT6|PAY_AMT1,1.0,0.42857142857142855,0.42857142857142855,0.25,-0.17857142857142855
30,10,BILL_AMT1|PAY_AMT6|PAY_AMT1,1.0,1.0,0.5384615384615384,0.5384615384615384,0.0
31,3,BILL_AMT2|PAY_AMT2|LIMIT_BAL,1.0,0.5,0.5,0.2,-0.3
31,5,BILL_AMT2|PAY_AMT2|LIMIT_BAL,1.0,1.0,0.25,0.25,0.0
31,10,BILL_AMT2|PAY_AMT2|LIMIT_BAL,1.0,0.42857142857142855,0.3333333333333333,0.3333333333333333,0.0
32,3,PAY_AMT1|BILL_AMT2|BILL_AMT1,1.0,1.0,0.5,0.5,0.0
32,5,PAY_AMT1|BILL_AMT2|BILL_AMT1,1.0,1.0,0.42857142857142855,0.42857142857142855,0.0
32,10,PAY_AMT1|BILL_AMT2|BILL_AMT1,0.8181818181818182,0.6666666666666666,0.5384615384615384,0.6666666666666666,0.1282051282051282
33,3,PAY_AMT4|BILL_AMT5|BILL_AMT6,1.0,0.5,0.5,0.5,0.0
33,5,PAY_AMT4|BILL_AMT5|BILL_AMT6,1.0,0.6666666666666666,0.42857142857142855,0.6666666666666666,0.23809523809523808
33,10,PAY_AMT4|BILL_AMT5|BILL_AMT6,1.0,0.6666666666666666,0.42857142857142855,0.25,-0.17857142857142855
34,3,BILL_AMT5|BILL_AMT1|PAY_AMT5,0.5,1.0,0.5,0.5,0.0
34,5,BILL_AMT5|BILL_AMT1|PAY_AMT5,1.0,0.42857142857142855,0.42857142857142855,0.42857142857142855,0.0
34,10,BILL_AMT5|BILL_AMT1|PAY_AMT5,0.8181818181818182,0.8181818181818182,0.3333333333333333,0.25,-0.08333333333333331
35,3,PAY_AMT2|BILL_AMT3|BILL_AMT5,1.0,1.0,0.2,0.2,0.0
35,5,PAY_AMT2|BILL_AMT3|BILL_AMT5,0.6666666666666666,1.0,0.6666666666666666,0.42857142857142855,-0.23809523809523808
35,10,PAY_AMT2|BILL_AMT3|BILL_AMT5,0.8181818181818182,1.0,0.42857142857142855,0.42857142857142855,0.0
36,3,PAY_AMT4|PAY_AMT5|BILL_AMT5,0.5,1.0,0.5,0.5,0.0
36,5,PAY_AMT4|PAY_AMT5|BILL_AMT5,1.0,1.0,0.42857142857142855,0.42857142857142855,0.0
36,10,PAY_AMT4|PAY_AMT5|BILL_AMT5,0.8181818181818182,0.5384615384615384,0.42857142857142855,0.6666666666666666,0.23809523809523808
37,3,BILL_AMT5|BILL_AMT3|PAY_AMT3,1.0,1.0,0.2,0.2,0.0
37,5,BILL_AMT5|BILL_AMT3|PAY_AMT3,1.0,1.0,0.42857142857142855,0.42857142857142855,0.0
37,10,BILL_AMT5|BILL_AMT3|PAY_AMT3,1.0,0.8181818181818182,0.5384615384615384,0.5384615384615384,0.0
38,3,BILL_AMT3|BILL_AMT5|BILL_AMT1,1.0,1.0,0.5,0.5,0.0
38,5,BILL_AMT3|BILL_AMT5|BILL_AMT1,1.0,1.0,0.42857142857142855,0.42857142857142855,0.0
38,10,BILL_AMT3|BILL_AMT5|BILL_AMT1,1.0,0.6666666666666666,0.42857142857142855,0.42857142857142855,0.0
39,3,BILL_AMT1|PAY_AMT6|BILL_AMT3,1.0,0.5,0.2,0.5,0.3
39,5,BILL_AMT1|PAY_AMT6|BILL_AMT3,1.0,0.6666666666666666,0.42857142857142855,0.42857142857142855,0.0
39,10,BILL_AMT1|PAY_AMT6|BILL_AMT3,1.0,0.8181818181818182,0.5384615384615384,0.5384615384615384,0.0
40,3,BILL_AMT3|BILL_AMT1|PAY_AMT1,1.0,0.5,0.0,0.2,0.2
40,5,BILL_AMT3|BILL_AMT1|PAY_AMT1,1.0,0.6666666666666666,0.42857142857142855,0.6666666666666666,0.23809523809523808
40,10,BILL_AMT3|BILL_AMT1|PAY_AMT1,1.0,0.8181818181818182,0.42857142857142855,0.5384615384615384,0.10989010989010989
41,3,PAY_AMT1|BILL_AMT1|BILL_AMT6,1.0,1.0,0.2,0.2,0.0
41,5,PAY_AMT1|BILL_AMT1|BILL_AMT6,1.0,1.0,0.42857142857142855,0.42857142857142855,0.0
41,10,PAY_AMT1|BILL_AMT1|BILL_AMT6,1.0,0.8181818181818182,0.3333333333333333,0.25,-0.08333333333333331
42,3,PAY_AMT4|BILL_AMT3|BILL_AMT2,1.0,0.5,0.2,0.2,0.0
42,5,PAY_AMT4|BILL_AMT3|BILL_AMT2,1.0,0.6666666666666666,0.1111111111111111,0.1111111111111111,0.0
42,10,PAY_AMT4|BILL_AMT3|BILL_AMT2,1.0,0.8181818181818182,0.3333333333333333,0.3333333333333333,0.0
43,3,BILL_AMT3|PAY_AMT3|PAY_AMT6,1.0,1.0,0.5,0.5,0.0
43,5,BILL_AMT3|PAY_AMT3|PAY_AMT6,0.6666666666666666,0.42857142857142855,0.25,0.42857142857142855,0.17857142857142855
43,10,BILL_AMT3|PAY_AMT3|PAY_AMT6,1.0,0.6666666666666666,0.6666666666666666,0.5384615384615384,-0.1282051282051282
44,3,BILL_AMT5|BILL_AMT3|PAY_AMT6,1.0,1.0,0.5,0.5,0.0
44,5,BILL_AMT5|BILL_AMT3|PAY_AMT6,1.0,0.6666666666666666,0.42857142857142855,0.6666666666666666,0.23809523809523808
44,10,BILL_AMT5|BILL_AMT3|PAY_AMT6,1.0,0.8181818181818182,0.6666666666666666,0.6666666666666666,0.0
45,3,PAY_AMT4|PAY_AMT3|BILL_AMT2,1.0,0.5,0.5,0.5,0.0
45,5,PAY_AMT4|PAY_AMT3|BILL_AMT2,1.0,0.42857142857142855,0.42857142857142855,0.42857142857142855,0.0
45,10,PAY_AMT4|PAY_AMT3|BILL_AMT2,1.0,0.6666666666666666,0.42857142857142855,0.3333333333333333,-0.09523809523809523
46,3,BILL_AMT4|LIMIT_BAL|PAY_AMT3,1.0,1.0,0.5,0.5,0.0
46,5,BILL_AMT4|LIMIT_BAL|PAY_AMT3,0.6666666666666666,0.6666666666666666,0.42857142857142855,0.6666666666666666,0.23809523809523808
46,10,BILL_AMT4|LIMIT_BAL|PAY_AMT3,0.8181818181818182,0.6666666666666666,0.3333333333333333,0.42857142857142855,0.09523809523809523
47,3,PAY_AMT5|BILL_AMT4|PAY_AMT2,1.0,1.0,0.5,0.5,0.0
47,5,PAY_AMT5|BILL_AMT4|PAY_AMT2,1.0,0.6666666666666666,0.42857142857142855,0.25,-0.17857142857142855
47,10,PAY_AMT5|BILL_AMT4|PAY_AMT2,1.0,0.6666666666666666,0.3333333333333333,0.3333333333333333,0.0
48,3,LIMIT_BAL|BILL_AMT1|PAY_AMT6,1.0,1.0,0.5,0.5,0.0
48,5,LIMIT_BAL|BILL_AMT1|PAY_AMT6,1.0,1.0,0.6666666666666666,0.6666666666666666,0.0
48,10,LIMIT_BAL|BILL_AMT1|PAY_AMT6,1.0,0.6666666666666666,0.3333333333333333,0.42857142857142855,0.09523809523809523
49,3,PAY_AMT1|BILL_AMT4|PAY_AMT3,1.0,0.5,1.0,0.5,-0.5
49,5,PAY_AMT1|BILL_AMT4|PAY_AMT3,1.0,1.0,0.42857142857142855,0.42857142857142855,0.0
49,10,PAY_AMT1|BILL_AMT4|PAY_AMT3,1.0,0.5384615384615384,0.42857142857142855,0.3333333333333333,-0.09523809523809523
50,3,PAY_AMT3|PAY_AMT4|BILL_AMT4,1.0,1.0,0.2,0.2,0.0
50,5,PAY_AMT3|PAY_AMT4|BILL_AMT4,1.0,0.42857142857142855,0.25,0.25,0.0
50,10,PAY_AMT3|PAY_AMT4|BILL_AMT4,1.0,0.8181818181818182,0.25,0.3333333333333333,0.08333333333333331
51,3,LIMIT_BAL|BILL_AMT2|PAY_AMT4,1.0,1.0,0.5,0.5,0.0
51,5,LIMIT_BAL|BILL_AMT2|PAY_AMT4,1.0,1.0,0.6666666666666666,0.6666666666666666,0.0
51,10,LIMIT_BAL|BILL_AMT2|PAY_AMT4,1.0,0.6666666666666666,0.5384615384615384,0.3333333333333333,-0.20512820512820512
52,3,PAY_AMT4|BILL_AMT3|BILL_AMT1,1.0,1.0,0.5,0.5,0.0
52,5,PAY_AMT4|BILL_AMT3|BILL_AMT1,1.0,0.6666666666666666,0.6666666666666666,0.42857142857142855,-0.23809523809523808
52,10,PAY_AMT4|BILL_AMT3|BILL_AMT1,1.0,1.0,0.6666666666666666,0.6666666666666666,0.0
53,3,BILL_AMT2|BILL_AMT4|PAY_AMT5,1.0,1.0,0.2,0.2,0.0
53,5,BILL_AMT2|BILL_AMT4|PAY_AMT5,0.6666666666666666,0.6666666666666666,0.25,0.42857142857142855,0.17857142857142855
53,10,BILL_AMT2|BILL_AMT4|PAY_AMT5,1.0,0.6666666666666666,0.5384615384615384,0.6666666666666666,0.1282051282051282
54,3,BILL_AMT5|BILL_AMT1|PAY_AMT3,1.0,1.0,1.0,1.0,0.0
54,5,BILL_AMT5|BILL_AMT1|PAY_AMT3,0.6666666666666666,0.6666666666666666,0.42857142857142855,0.42857142857142855,0.0
54,10,BILL_AMT5|BILL_AMT1|PAY_AMT3,1.0,0.6666666666666666,0.42857142857142855,0.42857142857142855,0.0
55,3,PAY_AMT4|BILL_AMT1|BILL_AMT3,1.0,1.0,0.5,0.5,0.0
55,5,PAY_AMT4|BILL_AMT1|BILL_AMT3,1.0,0.6666666666666666,0.42857142857142855,0.42857142857142855,0.0
55,10,PAY_AMT4|BILL_AMT1|BILL_AMT3,0.8181818181818182,0.5384615384615384,0.3333333333333333,0.3333333333333333,0.0
56,3,BILL_AMT3|BILL_AMT5|PAY_AMT6,1.0,0.5,0.2,0.5,0.3
56,5,BILL_AMT3|BILL_AMT5|PAY_AMT6,1.0,0.6666666666666666,0.25,0.42857142857142855,0.17857142857142855
56,10,BILL_AMT3|BILL_AMT5|PAY_AMT6,1.0,0.5384615384615384,0.3333333333333333,0.3333333333333333,0.0
57,3,PAY_AMT4|PAY_AMT1|BILL_AMT1,1.0,1.0,0.5,0.5,0.0
57,5,PAY_AMT4|PAY_AMT1|BILL_AMT1,1.0,1.0,0.42857142857142855,0.42857142857142855,0.0
57,10,PAY_AMT4|PAY_AMT1|BILL_AMT1,0.8181818181818182,0.8181818181818182,0.3333333333333333,0.42857142857142855,0.09523809523809523
58,3,BILL_AMT2|LIMIT_BAL|PAY_AMT5,1.0,1.0,0.2,0.2,0.0
58,5,BILL_AMT2|LIMIT_BAL|PAY_AMT5,1.0,1.0,0.42857142857142855,0.42857142857142855,0.0
58,10,BILL_AMT2|LIMIT_BAL|PAY_AMT5,1.0,0.8181818181818182,0.5384615384615384,0.5384615384615384,0.0
59,3,BILL_AMT4|BILL_AMT5|PAY_AMT2,1.0,1.0,0.5,0.5,0.0
59,5,BILL_AMT4|BILL_AMT5|PAY_AMT2,1.0,0.6666666666666666,0.42857142857142855,0.42857142857142855,0.0
59,10,BILL_AMT4|BILL_AMT5|PAY_AMT2,1.0,0.8181818181818182,0.5384615384615384,0.42857142857142855,-0.10989010989010989
60,3,PAY_AMT3|BILL_AMT3|PAY_AMT6,1.0,0.5,0.2,0.2,0.0
60,5,PAY_AMT3|BILL_AMT3|PAY_AMT6,1.0,0.6666666666666666,0.25,0.42857142857142855,0.17857142857142855
60,10,PAY_AMT3|BILL_AMT3|PAY_AMT6,1.0,1.0,0.5384615384615384,0.5384615384615384,0.0
61,3,PAY_AMT2|PAY_AMT1|PAY_AMT6,1.0,1.0,0.5,0.5,0.0
61,5,PAY_AMT2|PAY_AMT1|PAY_AMT6,1.0,0.6666666666666666,0.6666666666666666,0.42857142857142855,-0.23809523809523808
61,10,PAY_AMT2|PAY_AMT1|PAY_AMT6,0.8181818181818182,0.6666666666666666,0.3333333333333333,0.3333333333333333,0.0
62,3,PAY_AMT6|BILL_AMT1|BILL_AMT4,1.0,0.5,1.0,0.5,-0.5
62,5,PAY_AMT6|BILL_AMT1|BILL_AMT4,1.0,0.42857142857142855,0.42857142857142855,0.42857142857142855,0.0
62,10,PAY_AMT6|BILL_AMT1|BILL_AMT4,1.0,0.8181818181818182,0.42857142857142855,0.42857142857142855,0.0
63,3,BILL_AMT5|BILL_AMT6|BILL_AMT3,1.0,1.0,0.5,0.5,0.0
63,5,BILL_AMT5|BILL_AMT6|BILL_AMT3,0.6666666666666666,1.0,0.6666666666666666,0.42857142857142855,-0.23809523809523808
63,10,BILL_AMT5|BILL_AMT6|BILL_AMT3,0.6666666666666666,0.6666666666666666,0.42857142857142855,0.6666666666666666,0.23809523809523808
64,3,PAY_AMT6|PAY_AMT5|PAY_AMT3,1.0,1.0,0.2,0.2,0.0
64,5,PAY_AMT6|PAY_AMT5|PAY_AMT3,1.0,0.6666666666666666,0.42857142857142855,0.6666666666666666,0.23809523809523808
64,10,PAY_AMT6|PAY_AMT5|PAY_AMT3,1.0,0.8181818181818182,0.42857142857142855,0.42857142857142855,0.0
65,3,BILL_AMT1|BILL_AMT3|BILL_AMT2,1.0,0.5,0.2,0.5,0.3
65,5,BILL_AMT1|BILL_AMT3|BILL_AMT2,1.0,1.0,0.42857142857142855,0.42857142857142855,0.0
65,10,BILL_AMT1|BILL_AMT3|BILL_AMT2,0.8181818181818182,0.8181818181818182,0.5384615384615384,0.42857142857142855,-0.10989010989010989
66,3,PAY_AMT5|PAY_AMT1|PAY_AMT4,1.0,1.0,1.0,1.0,0.0
66,5,PAY_AMT5|PAY_AMT1|PAY_AMT4,1.0,0.6666666666666666,0.6666666666666666,1.0,0.33333333333333337
66,10,PAY_AMT5|PAY_AMT1|PAY_AMT4,1.0,0.5384615384615384,0.42857142857142855,0.5384615384615384,0.10989010989010989
67,3,PAY_AMT1|BILL_AMT1|BILL_AMT5,1.0,1.0,0.5,0.5,0.0
67,5,PAY_AMT1|BILL_AMT1|BILL_AMT5,1.0,1.0,0.42857142857142855,0.42857142857142855,0.0
67,10,PAY_AMT1|BILL_AMT1|BILL_AMT5,1.0,0.6666666666666666,0.3333333333333333,0.3333333333333333,0.0
68,3,PAY_AMT3|BILL_AMT5|LIMIT_BAL,1.0,1.0,0.5,0.5,0.0
68,5,PAY_AMT3|BILL_AMT5|LIMIT_BAL,1.0,0.6666666666666666,0.42857142857142855,0.42857142857142855,0.0
68,10,PAY_AMT3|BILL_AMT5|LIMIT_BAL,1.0,0.8181818181818182,0.25,0.3333333333333333,0.08333333333333331
69,3,PAY_AMT3|PAY_AMT6|BILL_AMT3,1.0,0.5,0.5,0.2,-0.3
69,5,PAY_AMT3|PAY_AMT6|BILL_AMT3,1.0,1.0,0.6666666666666666,0.6666666666666666,0.0
69,10,PAY_AMT3|PAY_AMT6|BILL_AMT3,1.0,0.6666666666666666,0.6666666666666666,0.5384615384615384,-0.1282051282051282
70,3,BILL_AMT6|LIMIT_BAL|BILL_AMT5,1.0,0.5,0.5,0.2,-0.3
70,5,BILL_AMT6|LIMIT_BAL|BILL_AMT5,0.6666666666666666,0.6666666666666666,0.25,0.25,0.0
70,10,BILL_AMT6|LIMIT_BAL|BILL_AMT5,0.6666666666666666,1.0,0.3333333333333333,0.5384615384615384,0.20512820512820512
71,3,PAY_AMT6|PAY_AMT1|BILL_AMT6,1.0,1.0,0.2,0.2,0.0
71,5,PAY_AMT6|PAY_AMT1|BILL_AMT6,1.0,0.6666666666666666,0.6666666666666666,0.42857142857142855,-0.23809523809523808
71,10,PAY_AMT6|PAY_AMT1|BILL_AMT6,1.0,0.5384615384615384,0.5384615384615384,0.5384615384615384,0.0
72,3,BILL_AMT6|PAY_AMT5|PAY_AMT4,1.0,1.0,0.5,0.5,0.0
72,5,BILL_AMT6|PAY_AMT5|PAY_AMT4,1.0,0.6666666666666666,0.42857142857142855,0.42857142857142855,0.0
72,10,BILL_AMT6|PAY_AMT5|PAY_AMT4,1.0,0.6666666666666666,0.42857142857142855,0.3333333333333333,-0.09523809523809523
73,3,PAY_AMT2|PAY_AMT5|BILL_AMT4,1.0,1.0,0.2,0.2,0.0
73,5,PAY_AMT2|PAY_AMT5|BILL_AMT4,1.0,0.6666666666666666,0.25,0.42857142857142855,0.17857142857142855
73,10,PAY_AMT2|PAY_AMT5|BILL_AMT4,1.0,1.0,0.8181818181818182,0.8181818181818182,0.0
74,3,BILL_AMT2|PAY_AMT5|BILL_AMT4,1.0,1.0,0.5,0.5,0.0
74,5,BILL_AMT2|PAY_AMT5|BILL_AMT4,1.0,0.6666666666666666,0.25,0.42857142857142855,0.17857142857142855
74,10,BILL_AMT2|PAY_AMT5|BILL_AMT4,1.0,1.0,0.42857142857142855,0.42857142857142855,0.0
75,3,PAY_AMT6|PAY_AMT3|BILL_AMT6,1.0,1.0,0.5,0.5,0.0
75,5,PAY_AMT6|PAY_AMT3|BILL_AMT6,1.0,0.6666666666666666,0.25,0.42857142857142855,0.17857142857142855
75,10,PAY_AMT6|PAY_AMT3|BILL_AMT6,1.0,0.8181818181818182,0.3333333333333333,0.42857142857142855,0.09523809523809523
76,3,PAY_AMT4|PAY_AMT6|PAY_AMT5,1.0,0.5,0.2,0.2,0.0
76,5,PAY_AMT4|PAY_AMT6|PAY_AMT5,1.0,1.0,0.42857142857142855,0.42857142857142855,0.0
76,10,PAY_AMT4|PAY_AMT6|PAY_AMT5,1.0,0.6666666666666666,0.5384615384615384,0.42857142857142855,-0.10989010989010989
77,3,BILL_AMT3|LIMIT_BAL|BILL_AMT2,1.0,1.0,0.5,0.5,0.0
77,5,BILL_AMT3|LIMIT_BAL|BILL_AMT2,1.0,0.42857142857142855,0.25,0.42857142857142855,0.17857142857142855
77,10,BILL_AMT3|LIMIT_BAL|BILL_AMT2,1.0,0.8181818181818182,0.5384615384615384,0.5384615384615384,0.0
78,3,BILL_AMT6|BILL_AMT4|BILL_AMT2,1.0,1.0,0.2,0.2,0.0
78,5,BILL_AMT6|BILL_AMT4|BILL_AMT2,1.0,1.0,0.25,0.25,0.0
78,10,BILL_AMT6|BILL_AMT4|BILL_AMT2,1.0,0.6666666666666666,0.3333333333333333,0.3333333333333333,0.0
79,3,PAY_AMT5|BILL_AMT4|BILL_AMT2,1.0,1.0,0.2,0.2,0.0
79,5,PAY_AMT5|BILL_AMT4|BILL_AMT2,1.0,0.6666666666666666,0.42857142857142855,0.25,-0.17857142857142855
79,10,PAY_AMT5|BILL_AMT4|BILL_AMT2,1.0,0.8181818181818182,0.42857142857142855,0.42857142857142855,0.0
80,3,PAY_AMT1|PAY_AMT5|PAY_AMT4,1.0,0.5,0.2,0.5,0.3
80,5,PAY_AMT1|PAY_AMT5|PAY_AMT4,1.0,0.6666666666666666,0.1111111111111111,0.25,0.1388888888888889
80,10,PAY_AMT1|PAY_AMT5|PAY_AMT4,1.0,0.8181818181818182,0.25,0.25,0.0
81,3,BILL_AMT6|PAY_AMT4|PAY_AMT5,1.0,0.5,0.5,0.5,0.0
81,5,BILL_AMT6|PAY_AMT4|PAY_AMT5,1.0,0.6666666666666666,0.42857142857142855,0.42857142857142855,0.0
81,10,BILL_AMT6|PAY_AMT4|PAY_AMT5,1.0,0.8181818181818182,0.5384615384615384,0.42857142857142855,-0.10989010989010989
82,3,PAY_AMT1|LIMIT_BAL|PAY_AMT2,1.0,0.5,0.2,0.2,0.0
82,5,PAY_AMT1|LIMIT_BAL|PAY_AMT2,1.0,0.42857142857142855,0.25,0.42857142857142855,0.17857142857142855
82,10,PAY_AMT1|LIMIT_BAL|PAY_AMT2,1.0,0.5384615384615384,0.42857142857142855,0.6666666666666666,0.23809523809523808
83,3,BILL_AMT6|PAY_AMT2|PAY_AMT6,1.0,1.0,0.5,0.5,0.0
83,5,BILL_AMT6|PAY_AMT2|PAY_AMT6,1.0,0.6666666666666666,0.42857142857142855,0.42857142857142855,0.0
83,10,BILL_AMT6|PAY_AMT2|PAY_AMT6,1.0,0.8181818181818182,0.6666666666666666,0.5384615384615384,-0.1282051282051282
84,3,BILL_AMT6|BILL_AMT1|PAY_AMT2,1.0,0.5,0.5,0.2,-0.3
84,5,BILL_AMT6|BILL_AMT1|PAY_AMT2,1.0,0.6666666666666666,0.25,0.42857142857142855,0.17857142857142855
84,10,BILL_AMT6|BILL_AMT1|PAY_AMT2,1.0,0.6666666666666666,0.42857142857142855,0.42857142857142855,0.0
85,3,BILL_AMT1|PAY_AMT1|PAY_AMT6,0.5,0.5,0.2,0.2,0.0
85,5,BILL_AMT1|PAY_AMT1|PAY_AMT6,0.6666666666666666,0.6666666666666666,0.6666666666666666,0.6666666666666666,0.0
85,10,BILL_AMT1|PAY_AMT1|PAY_AMT6,0.8181818181818182,0.8181818181818182,0.6666666666666666,0.6666666666666666,0.0
86,3,BILL_AMT4|PAY_AMT3|PAY_AMT6,1.0,0.5,0.2,0.2,0.0
86,5,BILL_AMT4|PAY_AMT3|PAY_AMT6,1.0,0.6666666666666666,0.42857142857142855,0.6666666666666666,0.23809523809523808
86,10,BILL_AMT4|PAY_AMT3|PAY_AMT6,1.0,0.6666666666666666,0.25,0.3333333333333333,0.08333333333333331
87,3,LIMIT_BAL|PAY_AMT5|PAY_AMT1,0.5,1.0,0.5,0.2,-0.3
87,5,LIMIT_BAL|PAY_AMT5|PAY_AMT1,1.0,0.6666666666666666,0.42857142857142855,0.42857142857142855,0.0
87,10,LIMIT_BAL|PAY_AMT5|PAY_AMT1,0.8181818181818182,0.6666666666666666,0.42857142857142855,0.5384615384615384,0.10989010989010989
88,3,LIMIT_BAL|BILL_AMT1|BILL_AMT6,1.0,0.5,0.2,0.5,0.3
88,5,LIMIT_BAL|BILL_AMT1|BILL_AMT6,1.0,0.6666666666666666,0.6666666666666666,0.42857142857142855,-0.23809523809523808
88,10,LIMIT_BAL|BILL_AMT1|BILL_AMT6,1.0,0.8181818181818182,0.5384615384615384,0.42857142857142855,-0.10989010989010989
89,3,PAY_AMT2|PAY_AMT3|PAY_AMT5,1.0,0.5,0.2,0.5,0.3
89,5,PAY_AMT2|PAY_AMT3|PAY_AMT5,1.0,1.0,0.42857142857142855,0.42857142857142855,0.0
89,10,PAY_AMT2|PAY_AMT3|PAY_AMT5,1.0,0.8181818181818182,0.42857142857142855,0.5384615384615384,0.10989010989010989
90,3,PAY_AMT4|PAY_AMT5|BILL_AMT1,1.0,1.0,0.2,0.2,0.0
90,5,PAY_AMT4|PAY_AMT5|BILL_AMT1,1.0,0.6666666666666666,0.6666666666666666,0.6666666666666666,0.0
90,10,PAY_AMT4|PAY_AMT5|BILL_AMT1,0.8181818181818182,0.8181818181818182,0.42857142857142855,0.5384615384615384,0.10989010989010989
91,3,BILL_AMT5|PAY_AMT3|PAY_AMT1,1.0,1.0,0.5,0.5,0.0
91,5,BILL_AMT5|PAY_AMT3|PAY_AMT1,1.0,1.0,0.6666666666666666,0.6666666666666666,0.0
91,10,BILL_AMT5|PAY_AMT3|PAY_AMT1,1.0,0.5384615384615384,0.5384615384615384,0.5384615384615384,0.0
92,3,PAY_AMT2|BILL_AMT4|PAY_AMT3,1.0,0.5,0.5,0.5,0.0
92,5,PAY_AMT2|BILL_AMT4|PAY_AMT3,1.0,1.0,0.42857142857142855,0.42857142857142855,0.0
92,10,PAY_AMT2|BILL_AMT4|PAY_AMT3,1.0,0.6666666666666666,0.42857142857142855,0.5384615384615384,0.10989010989010989
93,3,BILL_AMT4|BILL_AMT6|PAY_AMT2,0.5,1.0,0.5,0.5,0.0
93,5,BILL_AMT4|BILL_AMT6|PAY_AMT2,1.0,1.0,0.6666666666666666,0.6666666666666666,0.0
93,10,BILL_AMT4|BILL_AMT6|PAY_AMT2,0.8181818181818182,0.8181818181818182,0.42857142857142855,0.5384615384615384,0.10989010989010989
94,3,LIMIT_BAL|PAY_AMT1|PAY_AMT5,1.0,1.0,1.0,1.0,0.0
94,5,LIMIT_BAL|PAY_AMT1|PAY_AMT5,1.0,0.6666666666666666,0.42857142857142855,0.6666666666666666,0.23809523809523808
94,10,LIMIT_BAL|PAY_AMT1|PAY_AMT5,1.0,0.8181818181818182,0.42857142857142855,0.5384615384615384,0.10989010989010989
95,3,BILL_AMT6|BILL_AMT1|PAY_AMT6,1.0,0.5,0.2,0.5,0.3
95,5,BILL_AMT6|BILL_AMT1|PAY_AMT6,1.0,0.6666666666666666,0.42857142857142855,0.42857142857142855,0.0
95,10,BILL_AMT6|BILL_AMT1|PAY_AMT6,1.0,0.6666666666666666,0.42857142857142855,0.42857142857142855,0.0
96,3,BILL_AMT4|BILL_AMT1|PAY_AMT2,0.5,0.5,0.5,0.5,0.0
96,5,BILL_AMT4|BILL_AMT1|PAY_AMT2,1.0,0.6666666666666666,0.42857142857142855,0.42857142857142855,0.0
96,10,BILL_AMT4|BILL_AMT1|PAY_AMT2,1.0,0.6666666666666666,0.5384615384615384,0.3333333333333333,-0.20512820512820512
97,3,BILL_AMT4|BILL_AMT1|BILL_AMT3,1.0,0.2,0.5,0.2,-0.3
97,5,BILL_AMT4|BILL_AMT1|BILL_AMT3,1.0,0.42857142857142855,0.42857142857142855,0.42857142857142855,0.0
97,10,BILL_AMT4|BILL_AMT1|BILL_AMT3,1.0,1.0,0.5384615384615384,0.5384615384615384,0.0
98,3,BILL_AMT5|PAY_AMT1|LIMIT_BAL,1.0,1.0,1.0,1.0,0.0
98,5,BILL_AMT5|PAY_AMT1|LIMIT_BAL,1.0,1.0,0.42857142857142855,0.42857142857142855,0.0
98,10,BILL_AMT5|PAY_AMT1|LIMIT_BAL,1.0,0.8181818181818182,0.6666666666666666,0.5384615384615384,-0.1282051282051282
99,3,BILL_AMT5|PAY_AMT3|PAY_AMT1,1.0,0.5,1.0,0.5,-0.5
99,5,BILL_AMT5|PAY_AMT3|PAY_AMT1,1.0,0.6666666666666666,0.42857142857142855,0.25,-0.17857142857142855
99,10,BILL_AMT5|PAY_AMT3|PAY_AMT1,1.0,0.8181818181818182,0.3333333333333333,0.25,-0.08333333333333331
100,3,LIMIT_BAL|BILL_AMT3|BILL_AMT6,0.5,1.0,0.5,0.2,-0.3
100,5,LIMIT_BAL|BILL_AMT3|BILL_AMT6,1.0,0.6666666666666666,0.42857142857142855,0.42857142857142855,0.0
100,10,LIMIT_BAL|BILL_AMT3|BILL_AMT6,1.0,1.0,0.5384615384615384,0.5384615384615384,0.0
101,3,BILL_AMT4|PAY_AMT5|LIMIT_BAL,1.0,1.0,1.0,1.0,0.0
101,5,BILL_AMT4|PAY_AMT5|LIMIT_BAL,1.0,0.6666666666666666,0.42857142857142855,0.42857142857142855,0.0
101,10,BILL_AMT4|PAY_AMT5|LIMIT_BAL,1.0,0.8181818181818182,0.3333333333333333,0.3333333333333333,0.0
102,3,BILL_AMT1|LIMIT_BAL|PAY_AMT2,0.5,1.0,0.2,0.2,0.0
102,5,BILL_AMT1|LIMIT_BAL|PAY_AMT2,0.6666666666666666,1.0,0.25,0.25,0.0
102,10,BILL_AMT1|LIMIT_BAL|PAY_AMT2,0.8181818181818182,0.6666666666666666,0.42857142857142855,0.42857142857142855,0.0
103,3,BILL_AMT6|BILL_AMT1|PAY_AMT2,1.0,1.0,0.5,0.5,0.0
103,5,BILL_AMT6|BILL_AMT1|PAY_AMT2,1.0,1.0,0.25,0.25,0.0
103,10,BILL_AMT6|BILL_AMT1|PAY_AMT2,1.0,0.5384615384615384,0.3333333333333333,0.3333333333333333,0.0
104,3,BILL_AMT4|BILL_AMT1|PAY_AMT5,1.0,1.0,0.2,0.2,0.0
104,5,BILL_AMT4|BILL_AMT1|PAY_AMT5,1.0,1.0,0.42857142857142855,0.42857142857142855,0.0
104,10,BILL_AMT4|BILL_AMT1|PAY_AMT5,1.0,1.0,0.5384615384615384,0.5384615384615384,0.0
105,3,PAY_AMT1|PAY_AMT5|BILL_AMT3,1.0,0.5,0.2,0.2,0.0
105,5,PAY_AMT1|PAY_AMT5|BILL_AMT3,1.0,0.6666666666666666,0.25,0.42857142857142855,0.17857142857142855
105,10,PAY_AMT1|PAY_AMT5|BILL_AMT3,1.0,0.8181818181818182,0.3333333333333333,0.3333333333333333,0.0
106,3,PAY_AMT3|PAY_AMT1|PAY_AMT6,1.0,1.0,1.0,1.0,0.0
106,5,PAY_AMT3|PAY_AMT1|PAY_AMT6,1.0,1.0,0.42857142857142855,0.42857142857142855,0.0
106,10,PAY_AMT3|PAY_AMT1|PAY_AMT6,1.0,0.8181818181818182,0.5384615384615384,0.5384615384615384,0.0
107,3,BILL_AMT2|LIMIT_BAL|PAY_AMT2,1.0,1.0,0.5,0.5,0.0
107,5,BILL_AMT2|LIMIT_BAL|PAY_AMT2,1.0,0.42857142857142855,0.42857142857142855,0.25,-0.17857142857142855
107,10,BILL_AMT2|LIMIT_BAL|PAY_AMT2,1.0,0.6666666666666666,0.3333333333333333,0.3333333333333333,0.0
108,3,PAY_AMT2|PAY_AMT3|PAY_AMT4,1.0,0.5,0.5,0.2,-0.3
108,5,PAY_AMT2|PAY_AMT3|PAY_AMT4,1.0,0.42857142857142855,0.25,0.42857142857142855,0.17857142857142855
108,10,PAY_AMT2|PAY_AMT3|PAY_AMT4,1.0,0.6666666666666666,0.42857142857142855,0.42857142857142855,0.0
109,3,BILL_AMT1|PAY_AMT3|PAY_AMT5,1.0,1.0,0.5,0.5,0.0
109,5,BILL_AMT1|PAY_AMT3|PAY_AMT5,1.0,1.0,0.42857142857142855,0.42857142857142855,0.0
109,10,BILL_AMT1|PAY_AMT3|PAY_AMT5,0.8181818181818182,0.8181818181818182,0.5384615384615384,0.6666666666666666,0.1282051282051282
110,3,BILL_AMT5|PAY_AMT4|LIMIT_BAL,0.5,1.0,0.2,0.0,-0.2
110,5,BILL_AMT5|PAY_AMT4|LIMIT_BAL,0.6666666666666666,1.0,0.42857142857142855,0.42857142857142855,0.0
110,10,BILL_AMT5|PAY_AMT4|LIMIT_BAL,0.8181818181818182,1.0,0.6666666666666666,0.6666666666666666,0.0
111,3,LIMIT_BAL|BILL_AMT3|BILL_AMT1,1.0,1.0,0.5,0.5,0.0
111,5,LIMIT_BAL|BILL_AMT3|BILL_AMT1,1.0,1.0,0.6666666666666666,0.6666666666666666,0.0
111,10,LIMIT_BAL|BILL_AMT3|BILL_AMT1,1.0,0.8181818181818182,0.42857142857142855,0.42857142857142855,0.0
112,3,PAY_AMT6|BILL_AMT5|LIMIT_BAL,1.0,0.5,0.5,0.5,0.0
112,5,PAY_AMT6|BILL_AMT5|LIMIT_BAL,1.0,0.6666666666666666,0.42857142857142855,0.42857142857142855,0.0
112,10,PAY_AMT6|BILL_AMT5|LIMIT_BAL,1.0,0.5384615384615384,0.3333333333333333,0.42857142857142855,0.09523809523809523
113,3,PAY_AMT2|PAY_AMT6|BILL_AMT5,1.0,0.5,0.5,0.2,-0.3
113,5,PAY_AMT2|PAY_AMT6|BILL_AMT5,1.0,0.42857142857142855,0.25,0.1111111111111111,-0.1388888888888889
113,10,PAY_AMT2|PAY_AMT6|BILL_AMT5,1.0,0.6666666666666666,0.42857142857142855,0.42857142857142855,0.0
114,3,BILL_AMT4|PAY_AMT1|PAY_AMT5,1.0,1.0,0.2,0.2,0.0
114,5,BILL_AMT4|PAY_AMT1|PAY_AMT5,1.0,1.0,0.6666666666666666,0.6666666666666666,0.0
114,10,BILL_AMT4|PAY_AMT1|PAY_AMT5,1.0,0.42857142857142855,0.3333333333333333,0.6666666666666666,0.3333333333333333
115,3,BILL_AMT6|BILL_AMT5|PAY_AMT3,1.0,1.0,0.5,0.5,0.0
115,5,BILL_AMT6|BILL_AMT5|PAY_AMT3,0.6666666666666666,0.6666666666666666,0.25,0.25,0.0
115,10,BILL_AMT6|BILL_AMT5|PAY_AMT3,0.8181818181818182,0.42857142857142855,0.5384615384615384,0.42857142857142855,-0.10989010989010989
116,3,BILL_AMT6|BILL_AMT4|PAY_AMT6,1.0,1.0,0.2,0.2,0.0
116,5,BILL_AMT6|BILL_AMT4|PAY_AMT6,1.0,0.6666666666666666,0.25,0.1111111111111111,-0.1388888888888889
116,10,BILL_AMT6|BILL_AMT4|PAY_AMT6,1.0,0.8181818181818182,0.42857142857142855,0.42857142857142855,0.0
117,3,BILL_AMT1|BILL_AMT6|PAY_AMT5,1.0,1.0,0.5,0.5,0.0
117,5,BILL_AMT1|BILL_AMT6|PAY_AMT5,1.0,0.42857142857142855,0.42857142857142855,0.42857142857142855,0.0
117,10,BILL_AMT1|BILL_AMT6|PAY_AMT5,1.0,1.0,0.42857142857142855,0.42857142857142855,0.0
118,3,PAY_AMT6|PAY_AMT5|BILL_AMT1,0.5,1.0,0.5,1.0,0.5
118,5,PAY_AMT6|PAY_AMT5|BILL_AMT1,1.0,0.6666666666666666,0.42857142857142855,0.42857142857142855,0.0
118,10,PAY_AMT6|PAY_AMT5|BILL_AMT1,1.0,0.8181818181818182,0.25,0.25,0.0
119,3,PAY_AMT4|BILL_AMT6|BILL_AMT5,1.0,1.0,0.5,0.5,0.0
119,5,PAY_AMT4|BILL_AMT6|BILL_AMT5,0.6666666666666666,0.6666666666666666,0.42857142857142855,0.25,-0.17857142857142855
119,10,PAY_AMT4|BILL_AMT6|BILL_AMT5,0.8181818181818182,0.6666666666666666,0.42857142857142855,0.42857142857142855,0.0
120,3,PAY_AMT4|BILL_AMT4|BILL_AMT1,1.0,1.0,1.0,1.0,0.0
120,5,PAY_AMT4|BILL_AMT4|BILL_AMT1,1.0,0.6666666666666666,0.42857142857142855,0.42857142857142855,0.0
120,10,PAY_AMT4|BILL_AMT4|BILL_AMT1,1.0,0.42857142857142855,0.42857142857142855,0.3333333333333333,-0.09523809523809523
121,3,BILL_AMT3|PAY_AMT4|LIMIT_BAL,0.5,1.0,0.5,0.2,-0.3
121,5,BILL_AMT3|PAY_AMT4|LIMIT_BAL,1.0,1.0,0.42857142857142855,0.42857142857142855,0.0
121,10,BILL_AMT3|PAY_AMT4|LIMIT_BAL,1.0,1.0,0.42857142857142855,0.42857142857142855,0.0
122,3,BILL_AMT1|BILL_AMT4|BILL_AMT6,0.5,1.0,0.5,0.5,0.0
122,5,BILL_AMT1|BILL_AMT4|BILL_AMT6,1.0,1.0,0.6666666666666666,0.6666666666666666,0.0
122,10,BILL_AMT1|BILL_AMT4|BILL_AMT6,0.8181818181818182,0.5384615384615384,0.42857142857142855,0.42857142857142855,0.0
123,3,PAY_AMT1|PAY_AMT2|BILL_AMT6,1.0,0.5,0.5,0.5,0.0
123,5,PAY_AMT1|PAY_AMT2|BILL_AMT6,1.0,0.6666666666666666,0.42857142857142855,0.42857142857142855,0.0
123,10,PAY_AMT1|PAY_AMT2|BILL_AMT6,1.0,0.42857142857142855,0.3333333333333333,0.42857142857142855,0.09523809523809523
124,3,BILL_AMT2|BILL_AMT6|BILL_AMT5,1.0,0.5,0.2,0.2,0.0
124,5,BILL_AMT2|BILL_AMT6|BILL_AMT5,0.6666666666666666,0.42857142857142855,0.25,0.42857142857142855,0.17857142857142855
124,10,BILL_AMT2|BILL_AMT6|BILL_AMT5,1.0,1.0,0.3333333333333333,0.3333333333333333,0.0
125,3,PAY_AMT5|PAY_AMT2|PAY_AMT1,0.5,0.5,0.0,0.0,0.0
125,5,PAY_AMT5|PAY_AMT2|PAY_AMT1,1.0,0.42857142857142855,0.25,0.1111111111111111,-0.1388888888888889
125,10,PAY_AMT5|PAY_AMT2|PAY_AMT1,1.0,0.5384615384615384,0.42857142857142855,0.42857142857142855,0.0
126,3,BILL_AMT6|PAY_AMT2|BILL_AMT3,1.0,1.0,0.0,0.0,0.0
126,5,BILL_AMT6|PAY_AMT2|BILL_AMT3,0.6666666666666666,1.0,0.25,0.42857142857142855,0.17857142857142855
126,10,BILL_AMT6|PAY_AMT2|BILL_AMT3,0.5384615384615384,0.8181818181818182,0.5384615384615384,0.42857142857142855,-0.10989010989010989
127,3,BILL_AMT5|LIMIT_BAL|BILL_AMT4,1.0,0.5,0.2,0.5,0.3
127,5,BILL_AMT5|LIMIT_BAL|BILL_AMT4,1.0,1.0,0.42857142857142855,0.42857142857142855,0.0
127,10,BILL_AMT5|LIMIT_BAL|BILL_AMT4,1.0,0.8181818181818182,0.42857142857142855,0.3333333333333333,-0.09523809523809523
128,3,BILL_AMT1|LIMIT_BAL|PAY_AMT3,1.0,1.0,0.5,0.5,0.0
128,5,BILL_AMT1|LIMIT_BAL|PAY_AMT3,0.6666666666666666,0.6666666666666666,0.6666666666666666,0.6666666666666666,0.0
128,10,BILL_AMT1|LIMIT_BAL|PAY_AMT3,0.8181818181818182,0.8181818181818182,0.5384615384615384,0.5384615384615384,0.0
129,3,PAY_AMT2|BILL_AMT3|LIMIT_BAL,1.0,0.5,0.2,0.0,-0.2
129,5,PAY_AMT2|BILL_AMT3|LIMIT_BAL,1.0,1.0,0.42857142857142855,0.42857142857142855,0.0
129,10,PAY_AMT2|BILL_AMT3|LIMIT_BAL,1.0,0.6666666666666666,0.42857142857142855,0.42857142857142855,0.0
130,3,PAY_AMT1|BILL_AMT5|PAY_AMT4,0.5,0.5,0.0,0.0,0.0
130,5,PAY_AMT1|BILL_AMT5|PAY_AMT4,1.0,0.6666666666666666,0.42857142857142855,0.42857142857142855,0.0
130,10,PAY_AMT1|BILL_AMT5|PAY_AMT4,1.0,0.8181818181818182,0.6666666666666666,0.5384615384615384,-0.1282051282051282
131,3,PAY_AMT1|BILL_AMT6|BILL_AMT1,1.0,0.2,0.5,0.5,0.0
131,5,PAY_AMT1|BILL_AMT6|BILL_AMT1,1.0,0.6666666666666666,1.0,0.6666666666666666,-0.33333333333333337
131,10,PAY_AMT1|BILL_AMT6|BILL_AMT1,1.0,0.6666666666666666,0.42857142857142855,0.5384615384615384,0.10989010989010989
132,3,BILL_AMT5|PAY_AMT3|BILL_AMT4,1.0,1.0,0.5,0.5,0.0
132,5,BILL_AMT5|PAY_AMT3|BILL_AMT4,1.0,0.6666666666666666,0.25,0.25,0.0
132,10,BILL_AMT5|PAY_AMT3|BILL_AMT4,0.8181818181818182,0.6666666666666666,0.42857142857142855,0.42857142857142855,0.0
133,3,PAY_AMT6|PAY_AMT2|BILL_AMT4,1.0,1.0,0.5,0.5,0.0
133,5,PAY_AMT6|PAY_AMT2|BILL_AMT4,1.0,0.6666666666666666,0.6666666666666666,0.6666666666666666,0.0
133,10,PAY_AMT6|PAY_AMT2|BILL_AMT4,1.0,0.6666666666666666,0.6666666666666666,0.6666666666666666,0.0
134,3,PAY_AMT6|BILL_AMT6|PAY_AMT2,1.0,0.5,0.5,0.2,-0.3
134,5,PAY_AMT6|BILL_AMT6|PAY_AMT2,1.0,1.0,0.25,0.25,0.0
134,10,PAY_AMT6|BILL_AMT6|PAY_AMT2,1.0,1.0,0.5384615384615384,0.5384615384615384,0.0
135,3,PAY_AMT6|PAY_AMT4|PAY_AMT5,1.0,1.0,0.2,0.2,0.0
135,5,PAY_AMT6|PAY_AMT4|PAY_AMT5,1.0,1.0,0.42857142857142855,0.42857142857142855,0.0
135,10,PAY_AMT6|PAY_AMT4|PAY_AMT5,1.0,0.8181818181818182,0.5384615384615384,0.6666666666666666,0.1282051282051282
136,3,PAY_AMT1|BILL_AMT6|BILL_AMT1,1.0,0.5,0.2,0.5,0.3
136,5,PAY_AMT1|BILL_AMT6|BILL_AMT1,0.6666666666666666,0.6666666666666666,0.42857142857142855,0.42857142857142855,0.0
136,10,PAY_AMT1|BILL_AMT6|BILL_AMT1,1.0,1.0,0.42857142857142855,0.42857142857142855,0.0
137,3,LIMIT_BAL|PAY_AMT3|PAY_AMT5,0.5,1.0,0.2,0.2,0.0
137,5,LIMIT_BAL|PAY_AMT3|PAY_AMT5,0.6666666666666666,0.6666666666666666,0.25,0.1111111111111111,-0.1388888888888889
137,10,LIMIT_BAL|PAY_AMT3|PAY_AMT5,1.0,0.8181818181818182,0.3333333333333333,0.3333333333333333,0.0
138,3,BILL_AMT3|BILL_AMT2|PAY_AMT6,1.0,1.0,0.0,0.0,0.0
138,5,BILL_AMT3|BILL_AMT2|PAY_AMT6,1.0,1.0,0.42857142857142855,0.42857142857142855,0.0
138,10,BILL_AMT3|BILL_AMT2|PAY_AMT6,1.0,1.0,0.6666666666666666,0.6666666666666666,0.0
139,3,BILL_AMT2|PAY_AMT6|BILL_AMT3,1.0,1.0,1.0,1.0,0.0
139,5,BILL_AMT2|PAY_AMT6|BILL_AMT3,1.0,0.6666666666666666,0.42857142857142855,0.42857142857142855,0.0
139,10,BILL_AMT2|PAY_AMT6|BILL_AMT3,1.0,0.5384615384615384,0.42857142857142855,0.42857142857142855,0.0
140,3,BILL_AMT3|BILL_AMT1|LIMIT_BAL,1.0,0.5,0.2,0.0,-0.2
140,5,BILL_AMT3|BILL_AMT1|LIMIT_BAL,1.0,0.6666666666666666,0.1111111111111111,0.1111111111111111,0.0
140,10,BILL_AMT3|BILL_AMT1|LIMIT_BAL,1.0,0.6666666666666666,0.42857142857142855,0.42857142857142855,0.0
141,3,BILL_AMT6|PAY_AMT1|BILL_AMT5,0.5,1.0,0.2,0.5,0.3
141,5,BILL_AMT6|PAY_AMT1|BILL_AMT5,1.0,0.6666666666666666,0.42857142857142855,0.25,-0.17857142857142855
141,10,BILL_AMT6|PAY_AMT1|BILL_AMT5,1.0,0.6666666666666666,0.5384615384615384,0.5384615384615384,0.0
142,3,PAY_AMT1|PAY_AMT3|BILL_AMT4,1.0,0.5,0.5,0.2,-0.3
142,5,PAY_AMT1|PAY_AMT3|BILL_AMT4,1.0,1.0,0.42857142857142855,0.42857142857142855,0.0
142,10,PAY_AMT1|PAY_AMT3|BILL_AMT4,1.0,0.8181818181818182,0.5384615384615384,0.5384615384615384,0.0
143,3,BILL_AMT3|BILL_AMT5|BILL_AMT6,0.5,1.0,0.0,0.2,0.2
143,5,BILL_AMT3|BILL_AMT5|BILL_AMT6,0.6666666666666666,1.0,0.25,0.42857142857142855,0.17857142857142855
143,10,BILL_AMT3|BILL_AMT5|BILL_AMT6,1.0,0.42857142857142855,0.42857142857142855,0.25,-0.17857142857142855
144,3,BILL_AMT3|BILL_AMT4|PAY_AMT4,1.0,0.5,0.5,0.5,0.0
144,5,BILL_AMT3|BILL_AMT4|PAY_AMT4,1.0,0.6666666666666666,0.42857142857142855,0.42857142857142855,0.0
144,10,BILL_AMT3|BILL_AMT4|PAY_AMT4,1.0,0.5384615384615384,0.42857142857142855,0.42857142857142855,0.0
145,3,BILL_AMT6|PAY_AMT5|BILL_AMT5,1.0,0.5,1.0,0.5,-0.5
145,5,BILL_AMT6|PAY_AMT5|BILL_AMT5,1.0,0.6666666666666666,0.42857142857142855,0.42857142857142855,0.0
145,10,BILL_AMT6|PAY_AMT5|BILL_AMT5,1.0,0.6666666666666666,0.6666666666666666,0.5384615384615384,-0.1282051282051282
146,3,PAY_AMT2|PAY_AMT4|PAY_AMT5,1.0,0.5,0.2,0.2,0.0
146,5,PAY_AMT2|PAY_AMT4|PAY_AMT5,1.0,0.6666666666666666,0.42857142857142855,0.6666666666666666,0.23809523809523808
146,10,PAY_AMT2|PAY_AMT4|PAY_AMT5,0.8181818181818182,0.8181818181818182,0.42857142857142855,0.42857142857142855,0.0
147,3,PAY_AMT6|BILL_AMT2|BILL_AMT3,1.0,1.0,0.5,0.5,0.0
147,5,PAY_AMT6|BILL_AMT2|BILL_AMT3,1.0,0.6666666666666666,0.6666666666666666,0.6666666666666666,0.0
147,10,PAY_AMT6|BILL_AMT2|BILL_AMT3,0.8181818181818182,1.0,0.42857142857142855,0.42857142857142855,0.0
148,3,BILL_AMT4|BILL_AMT1|BILL_AMT3,1.0,1.0,1.0,1.0,0.0
148,5,BILL_AMT4|BILL_AMT1|BILL_AMT3,1.0,0.6666666666666666,0.42857142857142855,0.42857142857142855,0.0
148,10,BILL_AMT4|BILL_AMT1|BILL_AMT3,1.0,0.5384615384615384,0.3333333333333333,0.42857142857142855,0.09523809523809523
149,3,BILL_AMT1|BILL_AMT6|PAY_AMT2,1.0,1.0,1.0,1.0,0.0
149,5,BILL_AMT1|BILL_AMT6|PAY_AMT2,0.6666666666666666,0.6666666666666666,0.6666666666666666,0.42857142857142855,-0.23809523809523808
149,10,BILL_AMT1|BILL_AMT6|PAY_AMT2,0.8181818181818182,0.8181818181818182,0.42857142857142855,0.42857142857142855,0.0
150,3,PAY_AMT3|BILL_AMT5|PAY_AMT6,0.5,1.0,0.2,0.5,0.3
150,5,PAY_AMT3|BILL_AMT5|PAY_AMT6,1.0,1.0,0.25,0.25,0.0
150,10,PAY_AMT3|BILL_AMT5|PAY_AMT6,0.8181818181818182,0.8181818181818182,0.42857142857142855,0.5384615384615384,0.10989010989010989
151,3,PAY_AMT5|BILL_AMT3|PAY_AMT2,0.5,1.0,0.5,0.5,0.0
151,5,PAY_AMT5|BILL_AMT3|PAY_AMT2,0.6666666666666666,0.6666666666666666,0.25,0.42857142857142855,0.17857142857142855
151,10,PAY_AMT5|BILL_AMT3|PAY_AMT2,0.8181818181818182,0.6666666666666666,0.42857142857142855,0.3333333333333333,-0.09523809523809523
152,3,BILL_AMT5|PAY_AMT4|PAY_AMT2,1.0,1.0,0.0,0.0,0.0
152,5,BILL_AMT5|PAY_AMT4|PAY_AMT2,1.0,0.6666666666666666,0.25,0.25,0.0
152,10,BILL_AMT5|PAY_AMT4|PAY_AMT2,1.0,0.8181818181818182,0.3333333333333333,0.3333333333333333,0.0
153,3,PAY_AMT5|BILL_AMT4|BILL_AMT1,1.0,1.0,1.0,1.0,0.0
153,5,PAY_AMT5|BILL_AMT4|BILL_AMT1,1.0,0.6666666666666666,0.6666666666666666,0.42857142857142855,-0.23809523809523808
153,10,PAY_AMT5|BILL_AMT4|BILL_AMT1,0.8181818181818182,0.8181818181818182,0.42857142857142855,0.42857142857142855,0.0
154,3,PAY_AMT6|PAY_AMT4|PAY_AMT2,1.0,1.0,0.2,0.2,0.0
154,5,PAY_AMT6|PAY_AMT4|PAY_AMT2,1.0,1.0,0.42857142857142855,0.42857142857142855,0.0
154,10,PAY_AMT6|PAY_AMT4|PAY_AMT2,1.0,0.8181818181818182,0.6666666666666666,0.5384615384615384,-0.1282051282051282
155,3,BILL_AMT5|PAY_AMT6|PAY_AMT3,1.0,1.0,0.2,0.2,0.0
155,5,BILL_AMT5|PAY_AMT6|PAY_AMT3,1.0,1.0,0.6666666666666666,0.6666666666666666,0.0
155,10,BILL_AMT5|PAY_AMT6|PAY_AMT3,1.0,0.5384615384615384,0.6666666666666666,0.5384615384615384,-0.1282051282051282
156,3,PAY_AMT6|BILL_AMT3|PAY_AMT5,1.0,1.0,0.5,0.5,0.0
156,5,PAY_AMT6|BILL_AMT3|PAY_AMT5,1.0,0.6666666666666666,0.25,0.25,0.0
156,10,PAY_AMT6|BILL_AMT3|PAY_AMT5,0.6666666666666666,0.5384615384615384,0.42857142857142855,0.3333333333333333,-0.09523809523809523
157,3,BILL_AMT6|BILL_AMT2|PAY_AMT1,1.0,0.5,0.0,0.2,0.2
157,5,BILL_AMT6|BILL_AMT2|PAY_AMT1,1.0,1.0,0.42857142857142855,0.42857142857142855,0.0
157,10,BILL_AMT6|BILL_AMT2|PAY_AMT1,1.0,0.6666666666666666,0.42857142857142855,0.25,-0.17857142857142855
158,3,BILL_AMT2|PAY_AMT6|LIMIT_BAL,0.5,0.5,0.5,0.5,0.0
158,5,BILL_AMT2|PAY_AMT6|LIMIT_BAL,1.0,0.6666666666666666,0.6666666666666666,0.42857142857142855,-0.23809523809523808
158,10,BILL_AMT2|PAY_AMT6|LIMIT_BAL,1.0,0.6666666666666666,0.42857142857142855,0.5384615384615384,0.10989010989010989
159,3,PAY_AMT4|PAY_AMT2|PAY_AMT3,1.0,1.0,0.5,0.5,0.0
159,5,PAY_AMT4|PAY_AMT2|PAY_AMT3,1.0,1.0,0.42857142857142855,0.42857142857142855,0.0
159,10,PAY_AMT4|PAY_AMT2|PAY_AMT3,1.0,0.8181818181818182,0.42857142857142855,0.42857142857142855,0.0
160,3,PAY_AMT5|PAY_AMT2|BILL_AMT5,1.0,1.0,1.0,1.0,0.0
160,5,PAY_AMT5|PAY_AMT2|BILL_AMT5,1.0,1.0,0.42857142857142855,0.42857142857142855,0.0
160,10,PAY_AMT5|PAY_AMT2|BILL_AMT5,1.0,0.6666666666666666,0.42857142857142855,0.3333333333333333,-0.09523809523809523
161,3,PAY_AMT1|BILL_AMT1|BILL_AMT3,1.0,1.0,0.5,0.5,0.0
161,5,PAY_AMT1|BILL_AMT1|BILL_AMT3,0.6666666666666666,1.0,0.42857142857142855,0.42857142857142855,0.0
161,10,PAY_AMT1|BILL_AMT1|BILL_AMT3,1.0,0.8181818181818182,0.5384615384615384,0.42857142857142855,-0.10989010989010989
162,3,BILL_AMT6|PAY_AMT2|BILL_AMT2,1.0,0.5,1.0,0.5,-0.5
162,5,BILL_AMT6|PAY_AMT2|BILL_AMT2,1.0,1.0,0.6666666666666666,0.6666666666666666,0.0
162,10,BILL_AMT6|PAY_AMT2|BILL_AMT2,1.0,0.5384615384615384,0.42857142857142855,0.5384615384615384,0.10989010989010989
163,3,PAY_AMT2|BILL_AMT3|BILL_AMT6,1.0,1.0,1.0,1.0,0.0
163,5,PAY_AMT2|BILL_AMT3|BILL_AMT6,1.0,1.0,0.42857142857142855,0.42857142857142855,0.0
163,10,PAY_AMT2|BILL_AMT3|BILL_AMT6,1.0,0.6666666666666666,0.25,0.3333333333333333,0.08333333333333331
164,3,PAY_AMT5|PAY_AMT4|PAY_AMT2,1.0,0.5,0.5,0.5,0.0
164,5,PAY_AMT5|PAY_AMT4|PAY_AMT2,1.0,0.6666666666666666,0.42857142857142855,0.42857142857142855,0.0
164,10,PAY_AMT5|PAY_AMT4|PAY_AMT2,1.0,0.8181818181818182,0.3333333333333333,0.42857142857142855,0.09523809523809523
165,3,BILL_AMT1|BILL_AMT3|PAY_AMT1,1.0,1.0,0.2,0.2,0.0
165,5,BILL_AMT1|BILL_AMT3|PAY_AMT1,1.0,0.6666666666666666,0.42857142857142855,0.25,-0.17857142857142855
165,10,BILL_AMT1|BILL_AMT3|PAY_AMT1,1.0,0.8181818181818182,0.42857142857142855,0.42857142857142855,0.0
166,3,BILL_AMT4|PAY_AMT1|BILL_AMT5,1.0,1.0,0.5,0.5,0.0
166,5,BILL_AMT4|PAY_AMT1|BILL_AMT5,1.0,0.42857142857142855,0.25,0.25,0.0
166,10,BILL_AMT4|PAY_AMT1|BILL_AMT5,1.0,0.5384615384615384,0.42857142857142855,0.5384615384615384,0.10989010989010989
167,3,PAY_AMT1|PAY_AMT4|BILL_AMT3,1.0,1.0,0.2,0.2,0.0
167,5,PAY_AMT1|PAY_AMT4|BILL_AMT3,1.0,0.6666666666666666,0.6666666666666666,0.42857142857142855,-0.23809523809523808
167,10,PAY_AMT1|PAY_AMT4|BILL_AMT3,1.0,0.8181818181818182,0.42857142857142855,0.42857142857142855,0.0
168,3,BILL_AMT2|PAY_AMT5|PAY_AMT6,1.0,0.5,0.0,0.2,0.2
168,5,BILL_AMT2|PAY_AMT5|PAY_AMT6,1.0,0.42857142857142855,0.42857142857142855,0.25,-0.17857142857142855
168,10,BILL_AMT2|PAY_AMT5|PAY_AMT6,1.0,1.0,0.42857142857142855,0.42857142857142855,0.0
169,3,BILL_AMT2|BILL_AMT5|PAY_AMT4,1.0,0.5,0.5,0.5,0.0
169,5,BILL_AMT2|BILL_AMT5|PAY_AMT4,1.0,0.6666666666666666,0.25,0.25,0.0
169,10,BILL_AMT2|BILL_AMT5|PAY_AMT4,1.0,0.8181818181818182,0.42857142857142855,0.3333333333333333,-0.09523809523809523
170,3,BILL_AMT4|PAY_AMT5|LIMIT_BAL,0.5,0.5,0.2,0.5,0.3
170,5,BILL_AMT4|PAY_AMT5|LIMIT_BAL,0.42857142857142855,0.6666666666666666,0.1111111111111111,0.25,0.1388888888888889
170,10,BILL_AMT4|PAY_AMT5|LIMIT_BAL,0.8181818181818182,0.6666666666666666,0.3333333333333333,0.42857142857142855,0.09523809523809523
171,3,PAY_AMT5|PAY_AMT4|PAY_AMT1,1.0,1.0,0.5,0.5,0.0
171,5,PAY_AMT5|PAY_AMT4|PAY_AMT1,1.0,0.6666666666666666,0.42857142857142855,0.6666666666666666,0.23809523809523808
171,10,PAY_AMT5|PAY_AMT4|PAY_AMT1,1.0,0.6666666666666666,0.5384615384615384,0.6666666666666666,0.1282051282051282
172,3,PAY_AMT4|BILL_AMT6|PAY_AMT3,1.0,1.0,0.5,0.5,0.0
172,5,PAY_AMT4|BILL_AMT6|PAY_AMT3,1.0,1.0,0.42857142857142855,0.42857142857142855,0.0
172,10,PAY_AMT4|BILL_AMT6|PAY_AMT3,1.0,1.0,0.42857142857142855,0.42857142857142855,0.0
173,3,PAY_AMT1|BILL_AMT2|BILL_AMT4,1.0,1.0,0.5,0.5,0.0
173,5,PAY_AMT1|BILL_AMT2|BILL_AMT4,1.0,1.0,0.6666666666666666,0.6666666666666666,0.0
173,10,PAY_AMT1|BILL_AMT2|BILL_AMT4,1.0,0.5384615384615384,0.6666666666666666,0.3333333333333333,-0.3333333333333333
174,3,PAY_AMT4|BILL_AMT2|PAY_AMT2,1.0,0.5,0.5,0.5,0.0
174,5,PAY_AMT4|BILL_AMT2|PAY_AMT2,1.0,0.6666666666666666,0.42857142857142855,0.42857142857142855,0.0
174,10,PAY_AMT4|BILL_AMT2|PAY_AMT2,1.0,0.5384615384615384,0.42857142857142855,0.3333333333333333,-0.09523809523809523
175,3,BILL_AMT2|BILL_AMT3|PAY_AMT3,1.0,1.0,0.2,0.2,0.0
175,5,BILL_AMT2|BILL_AMT3|PAY_AMT3,1.0,1.0,0.25,0.25,0.0
175,10,BILL_AMT2|BILL_AMT3|PAY_AMT3,1.0,0.6666666666666666,0.6666666666666666,0.5384615384615384,-0.1282051282051282
176,3,PAY_AMT6|LIMIT_BAL|BILL_AMT3,1.0,0.5,0.5,0.5,0.0
176,5,PAY_AMT6|LIMIT_BAL|BILL_AMT3,1.0,1.0,0.6666666666666666,0.6666666666666666,0.0
176,10,PAY_AMT6|LIMIT_BAL|BILL_AMT3,1.0,0.6666666666666666,0.6666666666666666,0.42857142857142855,-0.23809523809523808
177,3,BILL_AMT6|PAY_AMT5|BILL_AMT5,1.0,1.0,0.5,0.5,0.0
177,5,BILL_AMT6|PAY_AMT5|BILL_AMT5,1.0,1.0,0.6666666666666666,0.6666666666666666,0.0
177,10,BILL_AMT6|PAY_AMT5|BILL_AMT5,1.0,0.8181818181818182,0.5384615384615384,0.6666666666666666,0.1282051282051282
178,3,PAY_AMT3|BILL_AMT2|PAY_AMT2,1.0,0.2,0.5,0.2,-0.3
178,5,PAY_AMT3|BILL_AMT2|PAY_AMT2,1.0,1.0,0.25,0.25,0.0
178,10,PAY_AMT3|BILL_AMT2|PAY_AMT2,0.8181818181818182,0.6666666666666666,0.42857142857142855,0.3333333333333333,-0.09523809523809523
179,3,BILL_AMT6|BILL_AMT4|BILL_AMT1,0.5,1.0,0.2,0.2,0.0
179,5,BILL_AMT6|BILL_AMT4|BILL_AMT1,0.42857142857142855,0.6666666666666666,0.1111111111111111,0.1111111111111111,0.0
179,10,BILL_AMT6|BILL_AMT4|BILL_AMT1,0.6666666666666666,0.8181818181818182,0.42857142857142855,0.5384615384615384,0.10989010989010989
180,3,PAY_AMT6|PAY_AMT2|BILL_AMT6,1.0,1.0,0.5,0.5,0.0
180,5,PAY_AMT6|PAY_AMT2|BILL_AMT6,1.0,0.6666666666666666,0.6666666666666666,0.42857142857142855,-0.23809523809523808
180,10,PAY_AMT6|PAY_AMT2|BILL_AMT6,1.0,0.8181818181818182,0.42857142857142855,0.42857142857142855,0.0
181,3,BILL_AMT1|BILL_AMT3|PAY_AMT2,1.0,0.5,0.5,0.5,0.0
181,5,BILL_AMT1|BILL_AMT3|PAY_AMT2,1.0,0.42857142857142855,0.42857142857142855,0.25,-0.17857142857142855
181,10,BILL_AMT1|BILL_AMT3|PAY_AMT2,1.0,0.6666666666666666,0.42857142857142855,0.5384615384615384,0.10989010989010989
182,3,PAY_AMT4|BILL_AMT3|BILL_AMT5,1.0,0.5,0.2,0.0,-0.2
182,5,PAY_AMT4|BILL_AMT3|BILL_AMT5,1.0,1.0,0.42857142857142855,0.42857142857142855,0.0
182,10,PAY_AMT4|BILL_AMT3|BILL_AMT5,1.0,0.8181818181818182,0.3333333333333333,0.42857142857142855,0.09523809523809523
183,3,PAY_AMT3|PAY_AMT2|BILL_AMT1,1.0,1.0,0.5,0.5,0.0
183,5,PAY_AMT3|PAY_AMT2|BILL_AMT1,1.0,0.6666666666666666,0.42857142857142855,0.6666666666666666,0.23809523809523808
183,10,PAY_AMT3|PAY_AMT2|BILL_AMT1,1.0,0.6666666666666666,0.6666666666666666,0.6666666666666666,0.0
184,3,BILL_AMT2|PAY_AMT6|BILL_AMT4,1.0,1.0,0.2,0.2,0.0
184,5,BILL_AMT2|PAY_AMT6|BILL_AMT4,0.6666666666666666,1.0,0.42857142857142855,0.6666666666666666,0.23809523809523808
184,10,BILL_AMT2|PAY_AMT6|BILL_AMT4,0.8181818181818182,0.8181818181818182,0.42857142857142855,0.42857142857142855,0.0
185,3,LIMIT_BAL|BILL_AMT3|BILL_AMT1,1.0,1.0,1.0,1.0,0.0
185,5,LIMIT_BAL|BILL_AMT3|BILL_AMT1,1.0,0.42857142857142855,0.42857142857142855,0.42857142857142855,0.0
185,10,LIMIT_BAL|BILL_AMT3|BILL_AMT1,1.0,0.5384615384615384,0.42857142857142855,0.42857142857142855,0.0
186,3,BILL_AMT3|BILL_AMT1|BILL_AMT6,1.0,0.5,0.2,0.2,0.0
186,5,BILL_AMT3|BILL_AMT1|BILL_AMT6,1.0,0.42857142857142855,0.25,0.42857142857142855,0.17857142857142855
186,10,BILL_AMT3|BILL_AMT1|BILL_AMT6,1.0,0.6666666666666666,0.3333333333333333,0.3333333333333333,0.0
187,3,BILL_AMT6|PAY_AMT3|PAY_AMT6,1.0,0.5,0.0,0.2,0.2
187,5,BILL_AMT6|PAY_AMT3|PAY_AMT6,1.0,1.0,0.42857142857142855,0.42857142857142855,0.0
187,10,BILL_AMT6|PAY_AMT3|PAY_AMT6,1.0,0.8181818181818182,0.6666666666666666,0.5384615384615384,-0.1282051282051282
188,3,BILL_AMT6|PAY_AMT5|BILL_AMT2,1.0,1.0,0.2,0.2,0.0
188,5,BILL_AMT6|PAY_AMT5|BILL_AMT2,1.0,0.42857142857142855,0.1111111111111111,0.25,0.1388888888888889
188,10,BILL_AMT6|PAY_AMT5|BILL_AMT2,0.8181818181818182,0.6666666666666666,0.42857142857142855,0.3333333333333333,-0.09523809523809523
189,3,BILL_AMT3|PAY_AMT2|PAY_AMT6,1.0,0.5,0.5,0.5,0.0
189,5,BILL_AMT3|PAY_AMT2|PAY_AMT6,0.6666666666666666,0.42857142857142855,0.25,0.42857142857142855,0.17857142857142855
189,10,BILL_AMT3|PAY_AMT2|PAY_AMT6,1.0,0.8181818181818182,0.3333333333333333,0.42857142857142855,0.09523809523809523
190,3,BILL_AMT2|PAY_AMT2|PAY_AMT3,1.0,1.0,0.2,0.2,0.0
190,5,BILL_AMT2|PAY_AMT2|PAY_AMT3,1.0,1.0,0.42857142857142855,0.42857142857142855,0.0
190,10,BILL_AMT2|PAY_AMT2|PAY_AMT3,1.0,0.8181818181818182,0.42857142857142855,0.42857142857142855,0.0
191,3,BILL_AMT1|PAY_AMT5|LIMIT_BAL,1.0,1.0,0.2,0.2,0.0
191,5,BILL_AMT1|PAY_AMT5|LIMIT_BAL,1.0,1.0,0.42857142857142855,0.42857142857142855,0.0
191,10,BILL_AMT1|PAY_AMT5|LIMIT_BAL,1.0,0.5384615384615384,0.5384615384615384,0.5384615384615384,0.0
192,3,PAY_AMT3|BILL_AMT1|PAY_AMT5,1.0,1.0,0.5,0.5,0.0
192,5,PAY_AMT3|BILL_AMT1|PAY_AMT5,0.6666666666666666,0.6666666666666666,0.25,0.25,0.0
192,10,PAY_AMT3|BILL_AMT1|PAY_AMT5,0.8181818181818182,0.6666666666666666,0.42857142857142855,0.42857142857142855,0.0
193,3,PAY_AMT1|BILL_AMT2|PAY_AMT2,1.0,1.0,0.5,0.5,0.0
193,5,PAY_AMT1|BILL_AMT2|PAY_AMT2,1.0,0.42857142857142855,0.25,0.42857142857142855,0.17857142857142855
193,10,PAY_AMT1|BILL_AMT2|PAY_AMT2,0.8181818181818182,0.6666666666666666,0.3333333333333333,0.25,-0.08333333333333331
194,3,PAY_AMT6|PAY_AMT1|BILL_AMT5,1.0,1.0,0.2,0.2,0.0
194,5,PAY_AMT6|PAY_AMT1|BILL_AMT5,1.0,0.6666666666666666,0.25,0.1111111111111111,-0.1388888888888889
194,10,PAY_AMT6|PAY_AMT1|BILL_AMT5,1.0,0.8181818181818182,0.3333333333333333,0.3333333333333333,0.0
195,3,BILL_AMT3|PAY_AMT5|PAY_AMT6,1.0,1.0,0.2,0.2,0.0
195,5,BILL_AMT3|PAY_AMT5|PAY_AMT6,1.0,0.42857142857142855,0.25,0.42857142857142855,0.17857142857142855
195,10,BILL_AMT3|PAY_AMT5|PAY_AMT6,1.0,0.8181818181818182,0.42857142857142855,0.3333333333333333,-0.09523809523809523
196,3,PAY_AMT4|BILL_AMT1|PAY_AMT5,1.0,1.0,0.5,0.5,0.0
196,5,PAY_AMT4|BILL_AMT1|PAY_AMT5,1.0,0.6666666666666666,0.42857142857142855,0.6666666666666666,0.23809523809523808
196,10,PAY_AMT4|BILL_AMT1|PAY_AMT5,1.0,0.6666666666666666,0.5384615384615384,0.6666666666666666,0.1282051282051282
197,3,BILL_AMT1|BILL_AMT6|PAY_AMT3,1.0,1.0,0.2,0.2,0.0
197,5,BILL_AMT1|BILL_AMT6|PAY_AMT3,1.0,0.6666666666666666,0.6666666666666666,0.42857142857142855,-0.23809523809523808
197,10,BILL_AMT1|BILL_AMT6|PAY_AMT3,1.0,0.8181818181818182,0.5384615384615384,0.5384615384615384,0.0
198,3,PAY_AMT4|BILL_AMT3|BILL_AMT6,1.0,0.5,0.0,0.0,0.0
198,5,PAY_AMT4|BILL_AMT3|BILL_AMT6,1.0,0.6666666666666666,0.25,0.25,0.0
198,10,PAY_AMT4|BILL_AMT3|BILL_AMT6,1.0,0.8181818181818182,0.42857142857142855,0.42857142857142855,0.0
199,3,PAY_AMT3|LIMIT_BAL|BILL_AMT4,1.0,0.5,0.2,0.5,0.3
199,5,PAY_AMT3|LIMIT_BAL|BILL_AMT4,1.0,0.6666666666666666,0.25,0.25,0.0
199,10,PAY_AMT3|LIMIT_BAL|BILL_AMT4,1.0,0.8181818181818182,0.25,0.25,0.0
